PID,名前,読み,国籍,性別
0000,浅見 弘,あさみ ひろし,JP,男
0001,藤原 慶太,ふじはら けいた,JP,男
0002,門田 康一,かどた こういち,JP,男
0003,木暮 伸夫,こぐれ のぶお,JP,男
0004,富井 知行,とみい ともゆき,JP,男
0005,島岡 孝裕,しまおか たかひろ,JP,男
0006,福谷 敬司,ふくたに けいじ,JP,男
0007,七瀬 康正,ななせ やすまさ,JP,男
0008,室岡 正嗣,むろおか まさつぐ,JP,男
0009,阿野 幹人,あの みきと,JP,男
0010,西海 克久,にしうみ かつひさ,JP,男
0011,刑部 公二,おさかべ こうじ,JP,男
0012,勅使川原 陽亮,てしがわら ようすけ,JP,男
0013,出戸 幹,でと もとき,JP,男
0014,出来 重徳,でき しげのり,JP,男
0015,古西 弘喜,こにし ひろき,JP,男
0016,清塚 慶之,きよづか よしゆき,JP,男
0017,瀬野尾 昇太,せのお しょうた,JP,男
0018,志智 勝成,しち かつなり,JP,男
0019,田町 孝生,たまち たかお,JP,男
0020,掛江 格,かけえ かく,JP,男
0021,岩渕 栄三,いわふち えいぞう,JP,男
0022,細内 敬輔,ほそうち けいすけ,JP,男
0023,富士山 規,ふじやま ただし,JP,男
0024,羽立 大士,はだて ひろし,JP,男
0025,田神 寛泰,たがみ ひろやす,JP,男
0026,下松 広夢,くだまつ ひろむ,JP,男
0027,鎮守 典洋,ちんじゅ のりひろ,JP,男
0028,坂脇 益男,さかわき ますお,JP,男
0029,宮塚 雄久,みやつか たけひさ,JP,男
0030,文珠 俊範,もんじゅ としのり,JP,男
0031,綱脇 富幸,つなわき とみゆき,JP,男
0032,印出 雄弥,いんで ゆうや,JP,男
0033,野治 光将,のじ みつまさ,JP,男
0034,今古賀 将一郎,いまこが しょういちろう,JP,男
0035,都川 豊宏,みやこがわ とよひろ,JP,男
0036,隣 章良,となり あきよし,JP,男
0037,牛房 義知,ごぼう よしとも,JP,男
0038,今前田 徹治,いままえだ てつはる,JP,男
0039,右藤 弘介,うとう こうすけ,JP,男
0040,桃谷 芳道,ももや よしみち,JP,男
0041,武生 末男,たけお すえお,JP,男
0042,二口 宗光,にぐち むねみつ,JP,男
0043,中梶 恭夫,なかかじ やすお,JP,男
0044,魯 寿則,の としのり,JP,男
0045,鈴木田 嗣郎,すずきだ しろう,JP,男
0046,粟佐 泰己,あわさ たいき,JP,男
0047,越路 信秋,こえじ のぶあき,JP,男
0048,沓水 宣夫,くつみず のりお,JP,男
0049,荒砥 壮彦,あらと たけひこ,JP,男
0050,向家 範正,むかいえ のりまさ,JP,男
0051,由美 義晶,ゆみ よしあき,JP,男
0052,東堀 光高,ひがしぼり みつたか,JP,男
0053,小流 佳典,こながれ けいすけ,JP,男
0054,出沢 唯一,でざわ ただかず,JP,男
0055,公野 博良,こうの ひろよし,JP,男
0056,浪口 昭芳,なみぐち あきよし,JP,男
0057,洞庭 照文,どうにわ てるふみ,JP,男
0058,上吹越 大士,かみひごし だいじ,JP,男
0059,小垣内 克成,こがうち かつしげ,JP,男
0060,横田 昇,よこた のぼる,JP,男
0061,松崎 智行,まつざき ともゆき,JP,男
0062,木暮 研,こぐれ けん,JP,男
0063,安野 幸宏,やすの ゆきひろ,JP,男
0064,百田 亮佑,ももた りょうすけ,JP,男
0065,中曽根 和司,なかそね かずし,JP,男
0066,島川 道彦,しまかわ みちひこ,JP,男
0067,山林 雄士,やまばやし ゆうじ,JP,男
0068,萱沼 裕三,かやぬま ゆうぞう,JP,男
0069,沖中 昌則,おきなか まさのり,JP,男
0070,高丸 秀喜,たかまる ひでき,JP,男
0071,佐土原 政孝,さどはら まさたか,JP,男
0072,城山 周,じょうやま あまね,JP,男
0073,嶋津 海渡,しまず かいと,JP,男
0074,上尾 昭司,うえお しょうじ,JP,男
0075,金城 剛,かなしろ たかし,JP,男
0076,窪内 楓,くぼうち かえで,JP,男
0077,神里 旬,かみさと じゅん,JP,男
0078,関和 善章,せきわ よしあき,JP,男
0079,横本 秀朗,よこもと ひであき,JP,男
0080,島澤 邦和,しまざわ くにかず,JP,男
0081,舟根 信仁,ふなね のぶひと,JP,男
0082,綾田 卓生,あやた たくお,JP,男
0083,牧之内 吉秀,まきのうち よしひで,JP,男
0084,都木 元基,たかぎ もとき,JP,男
0085,久一 浩之,ひさいち ひろし,JP,男
0086,平久 喜雄,たいらく よしお,JP,男
0087,堰合 永一,せきあい えいいち,JP,男
0088,風吹 孝之,ふぶき たかし,JP,男
0089,阿妻 好美,あづま よしみ,JP,男
0090,降籏 龍樹,ふるはた りゅうき,JP,男
0091,鶴橋 章男,つるはし あきお,JP,男
0092,神名 智美,かみな ともみ,JP,男
0093,四ツ谷 光,よつや みつ,JP,男
0094,西田 健史,さいだ けんし,JP,男
0095,木幡 篤宏,きはた あつひろ,JP,男
0096,小長谷 芳貴,こはせ よしたか,JP,男
0097,桜間 希一,さくらま きいち,JP,男
0098,竹仲 美晴,たけなか よしはる,JP,男
0099,櫟木 武,いちき たけ,JP,男
0100,井角 篤憲,いすみ あつのり,JP,男
0101,千速 光朗,ちはや みつあき,JP,男
0102,宇宿 秀祐,うすき しゅうすけ,JP,男
0103,宮河 誠至,みやかわ せいじ,JP,男
0104,坂牛 憲嗣,さかうし けんじ,JP,男
0105,清山 康喜,せいやま こうき,JP,男
0106,室松 崇志,むろまつ たかゆき,JP,男
0107,牛方 啓一朗,うしかた けいいちろう,JP,男
0108,串馬 健也,くしま たけや,JP,男
0109,浅森 勇歩,あさもり ゆうほ,JP,男
0110,呑 教明,どん のりあき,JP,男
0111,河邨 正統,かわむら まさのり,JP,男
0112,稲山 祥,いねやま やすし,JP,男
0113,零崎 佑耶,ぜろさき ゆうや,JP,男
0114,織恵 信喜,おりえ のぶき,JP,男
0115,杭瀬 辰義,くいせ たつよし,JP,男
0116,上居 富美男,かみい とみお,JP,男
0117,栩木 宗貴,とちき むねたか,JP,男
0118,糸金 豪,いとがね たける,JP,男
0119,周山 幹和,すやま みきかず,JP,男
0120,永田 正一,ながた しょういち,JP,男
0121,川名 春樹,かわな はるき,JP,男
0122,熊田 昌也,くまだ まさや,JP,男
0123,住田 和志,すみた かずし,JP,男
0124,岩根 直,いわね ただし,JP,男
0125,伊井 康人,いい やすと,JP,男
0126,入口 優斗,いりぐち ゆうと,JP,男
0127,因幡 洋治,いなば ようじ,JP,男
0128,滝野 憲昭,たきの のりあき,JP,男
0129,三森 清司,みもり きよし,JP,男
0130,虻川 勝正,あぶかわ かつまさ,JP,男
0131,神木 重光,かみき しげみつ,JP,男
0132,七條 英光,しちじょう ひでみつ,JP,男
0133,目時 嶺,めとき りょう,JP,男
0134,園木 憲次,そのき けんじ,JP,男
0135,狐塚 達人,こづか たつひと,JP,男
0136,又木 龍也,またき りゅうや,JP,男
0137,文田 時男,ふみた ときお,JP,男
0138,椿山 佳生,つばきやま よしお,JP,男
0139,稲石 喜宏,いないし よしひろ,JP,男
0140,利岡 博通,としおか ひろみち,JP,男
0141,大園 晃史,おおその こうじ,JP,男
0142,山我 将英,やまが まさひで,JP,男
0143,密本 嘉秀,みつもと よしひで,JP,男
0144,毎熊 由貴,まいぐま よしたか,JP,男
0145,元持 健郎,もともち たけお,JP,男
0146,成迫 航希,なりさこ こうき,JP,男
0147,下戸 将俊,おりと まさとし,JP,男
0148,海本 政喜,かいもと まさき,JP,男
0149,戸邊 美行,とべ よしゆき,JP,男
0150,丸市 友義,まるいち ともよし,JP,男
0151,右手 忠晴,うて ただはる,JP,男
0152,山先 誠太,やまさき せいた,JP,男
0153,子林 優生,こばやし ゆうき,JP,男
0154,三ツ堀 恒星,みつぼり こうせい,JP,男
0155,沓内 賢嗣,くつない けんじ,JP,男
0156,西屋 史崇,にしや ふみたか,JP,男
0157,土井田 男,どいた おとこ,JP,男
0158,道木 邦人,どうき くにひと,JP,男
0159,岩国 宣昭,いわくに のぶあき,JP,男
0160,善塔 敦義,ぜんとう あつよし,JP,男
0161,桑澤 宜之,くわさわ のりゆき,JP,男
0162,西泉 次夫,にしいずみ つぎお,JP,男
0163,賀古 宏規,かこ ひろのり,JP,男
0164,都地 青,とじ せい,JP,男
0165,家頭 一智,やがしら かずのり,JP,男
0166,木透 泰延,きすき やすのぶ,JP,男
0167,風田川 由憲,ふたがわ よしのり,JP,男
0168,坂能 貞文,さかのう さだふみ,JP,男
0169,二平 和歳,にへい かずとし,JP,男
0170,枝並 祥彦,えだなみ よしひこ,JP,男
0171,竹富 敬規,たけとみ たかのり,JP,男
0172,粒良 哲博,つぶら あきひろ,JP,男
0173,高司 吉,たかし きち,JP,男
0174,泉並 知明,いずなみ ちあき,JP,男
0175,道村 哲美,みちむら てつみ,JP,男
0176,宮城谷 寛尚,みやぎたに ひろなお,JP,男
0177,飽本 宗良,あきもと むねよし,JP,男
0178,小陽 俊規,こよう としのり,JP,男
0179,上仮屋 尊史,かみかりや たかふみ,JP,男
0180,山中 雄一郎,やまなか ゆういちろう,JP,男
0181,泉 順一,いずみ じゅんいち,JP,男
0182,平澤 貴大,ひらさわ たかひろ,JP,男
0183,池内 昌樹,いけうち まさき,JP,男
0184,田宮 恵太,たみや けいた,JP,男
0185,玉置 勇二,たまおき ゆうじ,JP,男
0186,安 一希,やす かずき,JP,男
0187,紙谷 直道,かみや なおみち,JP,男
0188,下平 久幸,しもひら ひさゆき,JP,男
0189,沓名 秀信,くつな ひでのぶ,JP,男
0190,久安 道生,ひさやす みちお,JP,男
0191,森迫 高,もりさこ たかし,JP,男
0192,中条 功,なかじょう こう,JP,男
0193,長渡 典弘,ながと のりひろ,JP,男
0194,永利 智寛,ながとし ともひろ,JP,男
0195,上出 梓,うえで あずさ,JP,男
0196,頴川 光佑,えがわ こうすけ,JP,男
0197,碇山 恭司,いかりやま きょうじ,JP,男
0198,八重尾 修吾,やえお しゅうご,JP,男
0199,双木 悠哉,なみき ゆうや,JP,男
0200,川良 京一,かわら きょういち,JP,男
0201,祢津 文弥,ねづ ふみや,JP,男
0202,千代間 嘉文,ちよま よしふみ,JP,男
0203,葛見 恭一郎,くずみ きょういちろう,JP,男
0204,迫井 知寛,さこい ともひろ,JP,男
0205,若栗 幸造,わかぐり こうぞう,JP,男
0206,朱宮 明利,しゅみや あきとし,JP,男
0207,妻鳥 安男,めんどり やすお,JP,男
0208,播田 聡太郎,はりた そうたろう,JP,男
0209,卯木 敬浩,うのき たかひろ,JP,男
0210,元谷 喜朗,もとや よしろう,JP,男
0211,初本 憲仁,はつもと のりひと,JP,男
0212,満江 道之,みつえ みちゆき,JP,男
0213,文室 光啓,ふむろ みつひろ,JP,男
0214,腹子 友典,はらこ とものり,JP,男
0215,越間 伸祐,こしま しんすけ,JP,男
0216,間 芳範,かん よしのり,JP,男
0217,英樹 椋太,ひでき りょうた,JP,男
0218,城戸内 貴央,きどうち たかひろ,JP,男
0219,有竹 利依,ありたけ りえ,JP,女
0220,保泉 晶乃,ほいずみ あきの,JP,女
0221,六反田 彩矢香,ろくたんだ さやか,JP,女
0222,外池 紹子,とのいけ しょうこ,JP,女
0223,粟谷 千郷,あわたに ちさと,JP,女
0224,北迫 千仁,きたさこ ちさと,JP,女
0225,武輪 佐世,たけわ さよ,JP,女
0226,浦谷 聖名子,うらや みなこ,JP,女
0227,廣門 有稀,ひろかど ゆき,JP,女
0228,馬瀬 晶江,うませ あきえ,JP,女
0229,縞 秋江,しま あきえ,JP,女
0230,秋根 未怜,あきね みさと,JP,女
0231,摂津 英未,せっつ えみ,JP,女
0232,野茂 育代,のも やすよ,JP,女
0233,増江 裕喜,ますえ ゆき,JP,女
0234,見藤 杏華,みとう きょうか,JP,女
0235,苛原 薫子,いらはら のぶこ,JP,女
0236,川住 阿矢,かわずみ あや,JP,女
0237,春永 宜子,はるなが のぶこ,JP,女
0238,小榑 ありな,こぐれ ありな,JP,女
0239,釜蓋 ナツコ,かまふた なつこ,JP,女
0240,釡谷 奈津妃,かまや なつき,JP,女
0241,八牟礼 琴弓,はちむれ ことみ,JP,女
0242,小舞 奈奈恵,こまい ななえ,JP,女
0243,米田 愛巳,めた あいみ,JP,女
0244,鬼畜 南緒,きちく なお,JP,女
0245,家鋪 裕奈,やしき ゆな,JP,女
0246,弘本 由起,ひろもと ゆうき,JP,女
0247,麻婆 倖子,まーぼ さちこ,JP,女
0248,荒津 友貴乃,あらつ ゆきの,JP,女
0249,稗嶋 真柚,ひえじま まゆ,JP,女
0250,水穂 佑紀奈,みずほ ゆきな,JP,女
0251,石新 昭穂,いしあら あきほ,JP,女
0252,徳高 結佳子,とくたか ゆかこ,JP,女
0253,笛利 香菜枝,ふぇり かなえ,JP,女
0254,津葉井 光子,つばい こうこ,JP,女
0255,目叶 鐘子,めがの しょうこ,JP,女
0256,上澤 梨音,かみざわ りおん,JP,女
0257,吉實 暁,よしざね あかつき,JP,女
0258,道鎮 春菜,どうちん わかな,JP,女
0259,鬼石 世都子,おにいし せつこ,JP,女
0260,藤山 友里,ふじやま ゆり,JP,女
0261,安齋 悠,あんざい はるか,JP,女
0262,前島 幸代,まえしま さちよ,JP,女
0263,新谷 まゆ,にいや まゆ,JP,女
0264,神部 尚子,かんべ ひさこ,JP,女
0265,波多 弘恵,はた ひろえ,JP,女
0266,中泉 知恵,なかいずみ ともえ,JP,女
0267,南野 文代,なんの ふみよ,JP,女
0268,光成 小織,みつなり さおり,JP,女
0269,千 寿美,せん すみ,JP,女
0270,大柿 唯香,おおがき ゆいか,JP,女
0271,小巻 みすず,こまき みすず,JP,女
0272,粟根 あさこ,あわね あさこ,JP,女
0273,堀下 志津,ほりした しず,JP,女
0274,折橋 菜月,おりはし なづき,JP,女
0275,篠島 カレン,しのじま かれん,JP,女
0276,石津 馨子,いしず けいこ,JP,女
0277,萬木 ひろの,ゆるぎ ひろの,JP,女
0278,兎澤 美慧,とざわ みさと,JP,女
0279,中鶴 晃美,なかつる てるみ,JP,女
0280,坂岡 サヤカ,さかおか さやか,JP,女
0281,藍沢 美詠子,あいざわ みえこ,JP,女
0282,藤目 柊子,ふじめ しゅうこ,JP,女
0283,俣木 千彰,またき ちあき,JP,女
0284,宮窪 愛子,みやくぼ ちかこ,JP,女
0285,横嶋 千菜,よこじま ちな,JP,女
0286,後潟 伊万里,うしろがた いまり,JP,女
0287,柄本 麻巳子,つかもと まみこ,JP,女
0288,後久 祐喜子,ごきゅう ゆきこ,JP,女
0289,松峯 優妃,まつみね ゆき,JP,女
0290,裘 淳奈,きゅう じゅんな,JP,女
0291,地濃 彩瑛,ちのう さえ,JP,女
0292,蓑手 由芙子,みのて ゆうこ,JP,女
0293,片寄 訓子,かたより さとこ,JP,女
0294,柳沢 眞貴,やなぎざわ まき,JP,女
0295,宮塚 加津美,みやつか かずみ,JP,女
0296,土岐 有梨子,とぎ ゆりこ,JP,女
0297,山幡 浄子,やまはた きよこ,JP,女
0298,戸敷 有祐美,とじき あゆみ,JP,女
0299,雲丹亀 聖華,うにがめ きよか,JP,女
0300,若崎 輝江,わかざき てるえ,JP,女
0301,富来 千登美,とみき ちとみ,JP,女
0302,岳下 慶枝,たけした よしえ,JP,女
0303,氣多 泉子,けた もとこ,JP,女
0304,小河内 実千,おごうち みち,JP,女
0305,弓掛 透子,ゆみかけ ゆきこ,JP,女
0306,彼谷 澄美,かや すみ,JP,女
0307,三海 風美,みかい ふみ,JP,女
0308,草飼 莉可,くさかい りか,JP,女
0309,幸嶋 しょう,こうしま しょう,JP,女
0310,安威 佐由利,やすい さゆり,JP,女
0311,松武 歩希,まつたけ あゆき,JP,女
0312,南上 百伽,なんじょう ももか,JP,女
0313,見鳥 麻里愛,みとり まりあ,JP,女
0314,蓮華 育見,れんげ いくみ,JP,女
0315,梶西 由芳,かじにし ゆか,JP,女
0316,新志 郁巳,しんし いくみ,JP,女
0317,奥土 弥恵,おくど みえ,JP,女
0318,船生 愉佳,ふにう ゆか,JP,女
0319,薬王寺 裕生,やくおうじ ゆうき,JP,女
0320,キム・ソヨン,,KR,女
0321,イ・イェジン,,KR,女
0322,パク・ジウォン,,KR,女
0323,チェ・ユリ,,KR,女
0324,ピョン・サンホ,,KR,男
0325,オム・ホンマン,,KR,男
0326,コン・ギヨン,,KR,男
0327,朱 明璋  ,,CN,男
0328,施 大仁  ,,CN,男
0329,丁 威廉  ,,TW,男
0330,溫 振家  ,,TW,男
0331,明 明駿  ,,TW,男
0332,郭 惠  ,,TW,女
0333,葉 小雯  ,,TW,女
0334,薛 伶  ,,CN,女
0335,花 雅嵐  ,,CN,女
0336,一 芷寧  ,,CN,女
0337,陸 儒  ,,CN,女
0338,ホルコム・ジンバリスト・リーヴァイ,,US,男
0339,テキサス・アンソニー・オグボグ,,US,男
0340,ハートレイ・ジェイムス・ラーナー,,US,男
0341,ゼイビアー・クール・ダーウェル,,US,男
0342,アリソン・マリー・スコット,,US,女
0343,キム・リン・ケリー,,US,女
0344,クリスティーン・ミシェル・ロペス,,US,女
0345,ベルナデット・フランソワーズ・ティヨン,,FR,女
0346,ロジェ・ド・サヴォワ,,FR,女
0347,クリストフ・エル・フォレスティエ,,FR,男